X axis,Y axis,apartmentId,rentalCost,maxOccupancy_,numberOfRooms,buildingId
-1935.682574437,2878.380025163,572,480,1,4,977
-1952.625076990,2903.333112374,659,480,1,2,977
-1997.665610185,3287.189783599,545,483.25,1,2,1031
2466.078807369,5201.152719159,84,376.75,1,4,608
7.058974382,79.961636718,5,411.5,1,4,628
-1112.661584948,3805.031831294,506,507.5,1,3,534
-1159.757948141,3805.031831294,567,507.5,1,4,534
-1171.532038940,3785.204135780,674,507.5,1,3,534
-615.361040098,6219.202532755,989,364.5,1,2,898
-2469.018345586,6775.141769760,1023,364.5,1,1,457
588.176900454,1477.886760893,181,673.03,1,2,699
-2257.177219915,2989.261623851,589,497.89,1,4,996
-1692.816336066,1826.629550865,94,420.64,1,3,20
-4139.977518728,7045.426047308,1351,522.03,1,3,545
2114.934830274,5099.799243827,51,455.39,1,2,639
930.476977279,2579.157628966,275,455.39,1,1,993
-2252.384455879,2675.089796741,528,456.39,1,4,559
-3244.68814221,7225.400418178,1352,409.39,1,4,92
-3203.83341168,7213.180296941,1444,409.39,1,2,92
2253.321106272,4060.927915441,199,534.03,1,1,377
-1287.310696954,1243.525072592,290,534.03,1,4,999
-1206.552731328,3302.697492364,827,395.39,1,1,636
-1300.500597407,2680.485998435,538,398.64,1,3,661
-1300.500597407,2697.286250559,800,398.64,1,1,661
-183.394699999,5328.335829851,901,415.89,1,4,386
-2106.285900954,5797.207128796,918,415.89,1,1,947
-3610.093612111,5706.288268657,935,415.89,1,1,358
-183.394699999,5328.335829851,941,415.89,1,3,386
-1460.092862840,5982.023394906,969,415.89,1,2,488
-2128.408730367,5789.668072351,1014,415.89,1,2,947
-3660.264617037,5654.560913916,1020,415.89,1,2,358
-1782.807125875,5841.088755297,1037,415.89,1,3,841
-3071.594004654,6045.059000833,1079,415.89,1,1,399
-2386.153776890,5877.001177989,1086,415.89,1,2,910
-3663.413669745,4812.375824141,1096,415.89,1,1,873
-2054.487758439,5863.511699319,1098,415.89,1,2,404
-3663.413669745,4812.375824141,1111,415.89,1,1,873
-1469.919336394,5996.044905792,1160,415.89,1,3,488
-3331.684761000,5561.706680953,1203,415.89,1,1,396
-3594.233653456,7334.725144715,1406,496.03,1,3,1040
-2642.931809206,6722.574294869,1235,369.28,1,3,581
-4338.252772637,7217.675876721,1395,450.03,1,2,528
-702.350712453,6020.318112031,1029,521.06,1,4,978
-737.606583605,6006.316308945,1099,521.06,1,2,978
-702.350712453,6020.318112031,1271,521.06,1,2,978
-667.094841301,6006.316308945,1273,521.06,1,4,978
615.309882206,3201.003200457,195,523.06,1,1,538
2153.389571450,4760.551377277,55,502.03,1,4,309
-742.359038374,4484.939824223,493,624.81,1,3,78
-724.164512978,4468.744216019,549,624.81,1,4,78
-840.932388086,3752.761692072,1002,689.56,1,1,286
-798.862841182,3713.558009664,1019,689.56,1,1,286
2424.172931702,5373.974229311,189,363.03,1,2,141
-1302.482087261,3512.059329801,718,418.17,1,3,924
-4095.009924292,5237.604744040,1561,584.84,1,4,139
-2352.640562508,2865.632371963,809,421.42,1,4,130
-1011.842656060,5102.799890497,744,650.84,1,1,192
-4416.695042561,4977.450007835,1407,437.92,1,2,748
-2158.884767948,3122.656814545,587,505.17,1,4,547
-2091.739152834,3122.656814545,760,505.17,1,2,547
-2466.012856848,2592.227771801,458,409.92,1,4,824
-3800.126690962,6429.993027988,1487,604.34,1,4,390
-1474.199738662,3883.465862416,509,515.62,1,4,915
-1512.681172212,3871.198167274,590,515.62,1,2,915
2219.826068416,4760.894146360,127,386.81,1,4,327
-2048.731216510,2751.375902453,531,436.06,1,4,366
-2026.534555465,2779.600187452,821,436.06,1,2,366
1309.485952761,3221.877213216,203,421.56,1,1,189
-1664.887384548,6169.220169852,1177,374.06,1,3,1026
-4593.207025132,7397.716604327,1629,392.06,1,4,465
-4593.207025132,7463.010156745,1640,392.06,1,3,465
117.853799740,528.565169590,339,491.06,1,1,152
-4520.724450288,4799.473245371,1553,411.56,1,2,247
-4481.222443781,4799.473245371,1593,411.56,1,3,247
1585.021887042,4034.334999465,186,567.87,1,2,854
582.912458249,1776.051722536,346,567.87,1,2,834
-3584.169647009,5886.074291586,1038,639.37,1,1,216
1274.271591357,1163.505120975,9,433.45,1,3,251
1243.528842367,1540.866730285,144,433.45,1,3,199
1251.800743281,1567.863619897,341,433.45,1,3,199
-3225.893331242,6396.096646320,1711,686.65,1,2,178
-3997.075868495,7372.999529353,1439,491.7,1,2,970
-3832.637249287,7372.999529353,1683,491.7,1,4,970
-2625.124050775,6221.370149286,945,368.09,1,3,75
-1130.811318163,2900.180320263,524,356.34,1,2,610
-1065.810858950,2920.893385478,562,356.34,1,4,610
-1698.007989215,3783.079349592,651,523.93,1,4,965
-3374.454980447,5196.629217472,972,438.59,1,2,611
-823.736321015,5537.173528463,1122,589.18,1,2,1019
-740.185803080,5637.848770005,1190,589.18,1,3,271
-758.276276578,5646.307098997,1226,589.18,1,2,271
-3267.926541231,6628.086768527,1450,589.18,1,2,815
-3267.926541231,6628.086768527,1545,589.18,1,2,815
-2988.093633574,6391.621713057,1027,487.59,1,3,56
-2956.769624297,6391.621713057,1144,487.59,1,4,56
1186.960200974,3164.371227731,296,375.84,1,2,111
-3693.171308009,7049.664931310,1368,569.68,1,3,768
359.256791332,4138.105315268,12,509.34,1,4,481
-511.663898335,6049.269942636,1009,370.48,1,4,264
-2477.842532973,2500.334944268,452,370.98,1,2,777
-2361.032472725,2426.631425790,523,370.98,1,1,1008
-1431.083535996,2412.517667696,747,370.98,1,1,791
-733.449063768,1291.775070561,18,419.73,1,1,13
-1482.900635326,978.736123511,155,419.73,1,1,188
2191.451754179,5018.857189581,250,419.73,1,4,907
2179.510365288,5037.116105993,256,419.73,1,1,907
-1473.175632482,954.922679020,314,419.73,1,2,188
-4584.368731487,7155.906963668,1388,374.73,1,1,21
-4576.104565512,7136.203574822,1404,374.73,1,3,21
-4576.104565512,7136.203574822,1484,374.73,1,4,21
-4584.368731487,7155.906963668,1534,374.73,1,3,21
589.712686467,3461.117029912,80,550.49,1,3,763
-3581.037298689,7172.023379646,1719,484.62,1,2,143
-89.329877217,3506.898418269,988,372.87,1,3,193
-3922.626876157,7236.801583826,1543,487.37,1,2,976
-4359.956232976,4838.595589590,1420,392.12,1,1,897
-816.272382742,3907.951274002,1106,658.49,1,3,292
-828.397288716,3924.800394749,1211,658.49,1,4,292
-1490.541237895,5089.588539739,952,598.74,1,1,758
-1776.287643758,1691.413820428,214,396.87,1,2,14
2408.901432879,4047.797422470,49,428.87,1,1,97
-1175.487046953,4555.253316070,535,668.74,1,2,176
-748.834699476,5366.606751644,1192,614.27,1,3,985
-3422.256915733,6029.603573653,1221,614.27,1,2,442
-1180.704739876,2563.522481673,638,390.51,1,1,944
-2319.161553369,3212.115940722,786,489.76,1,4,894
-1111.250778421,4393.269415571,601,691.52,1,3,71
-1097.980952624,4406.404141101,635,691.52,1,1,71
-655.967357143,5854.352177032,939,565.27,1,1,1017
-639.939586929,5835.836586597,1081,565.27,1,4,1017
-655.967357143,5854.352177032,1113,565.27,1,4,1017
-4068.573908051,7040.187826448,1391,534.02,1,4,407
-4002.896356836,7139.382337616,1401,534.02,1,2,407
-1215.125781405,3636.771970334,615,493.01,1,2,466
-1251.452863534,3592.093900709,785,493.01,1,1,466
-1233.289322469,3614.432935522,811,493.01,1,1,466
-480.616687275,5770.688394071,1257,494.76,1,3,654
-1601.643253022,3794.374763757,515,519.05,1,1,989
-1601.643253022,3794.374763757,791,519.05,1,4,989
-620.428812246,5178.080886773,964,388.4,1,3,676
-631.709313943,5235.784802795,1108,388.4,1,3,676
23.631407644,5219.167319083,1126,388.4,1,2,833
15.491646009,5243.946538390,1187,388.4,1,4,833
1250.185593728,4900.797769241,126,452.65,1,1,384
1209.986045325,4886.716681195,235,452.65,1,3,384
1077.697944432,648.442716370,350,484.65,1,3,340
-945.319424822,5851.302482013,1032,619.05,1,1,620
-1008.928990968,5906.130110284,1035,619.05,1,4,620
-1008.928990968,5942.681862466,1097,619.05,1,2,620
-4583.825739743,7612.940521286,1459,389.9,1,3,11
591.162208269,626.220792163,71,560.55,1,1,477
626.694050627,626.220792163,167,560.55,1,3,477
-4586.943131174,7246.790468338,1541,376.9,1,4,911
-4586.943131174,7246.790468338,1722,376.9,1,3,911
1801.825855807,5166.503222824,308,348.4,1,1,764
-1352.967751571,2071.867127637,153,351.15,1,2,122
-2194.538213274,2838.016470986,470,416.54,1,2,131
-2247.098703128,2826.580664891,574,416.54,1,3,131
-1234.621503814,1534.718942727,37,496.54,1,1,903
-1234.621503814,1448.786902737,48,496.54,1,4,903
-1608.062216877,1614.426665482,259,496.54,1,4,153
2050.180926105,4374.926623501,69,514.83,1,1,921
-4124.479966255,6772.244767745,1662,517.58,1,4,1005
-218.639386273,4365.603442176,940,623.83,1,3,287
-257.613228222,4477.363959953,1240,623.83,1,1,287
-1938.247221835,1979.506475094,213,360.29,1,4,444
1784.515980959,3423.270929746,272,360.29,1,3,988
-3842.081144513,7032.056092889,1669,560.58,1,3,568
-4588.300400643,4984.457136789,1724,457.04,1,3,95
-726.539049768,1381.933709416,72,395.04,1,3,400
-423.821773454,4135.248738048,998,662.08,1,1,499
-565.550628266,5229.883061527,1092,380.04,1,2,137
12.631829182,5340.500579440,1249,380.04,1,2,713
2211.118804081,5274.684557795,95,429.79,1,3,533
-1223.284282152,3893.435107645,772,499.68,1,3,640
-4190.756850076,6788.325882644,1594,519.86,1,2,666
1237.672759957,509.516709959,216,372.18,1,2,1010
-80.478443000,4852.486665211,932,524.11,1,2,735
-80.478443000,4852.486665211,1004,524.11,1,3,735
-63.688966751,4868.689584138,1007,524.11,1,4,735
1236.857192982,3263.039950968,327,406.93,1,3,24
1194.093714289,3263.039950968,331,406.93,1,1,24
-389.022259977,5271.565401558,1024,393.18,1,4,1030
-369.942529466,5263.709231184,1082,393.18,1,1,1030
-3401.834786471,4817.964611036,1145,393.18,1,2,470
-3375.994636611,4809.663590611,1275,393.18,1,4,470
1044.708962789,438.751251169,175,441.68,1,4,796
-2523.152045209,3056.814237717,451,427.93,1,2,22
-550.336152945,4886.612310309,807,427.93,1,4,1022
53.139653305,1093.977410197,280,573.36,1,2,319
702.798519545,770.602364407,328,605.36,1,1,698
-562.013969641,4810.950875794,616,431.18,1,1,797
-1772.763515447,2625.349838476,618,431.18,1,2,960
-1801.963149600,2614.454320591,825,431.18,1,1,960
-2358.870709199,2590.634907171,621,439.32,1,4,248
-2376.131696642,2575.003822762,722,439.32,1,2,248
-189.855607118,4534.129201298,1115,633.39,1,1,332
-1608.658523446,1544.228956026,237,545.92,1,4,772
-3119.545759052,6279.856637381,1556,673.92,1,2,957
-3119.545759052,6317.074217478,1598,673.92,1,2,957
-1463.322340154,1434.063265757,220,497.46,1,3,904
-4307.515858505,6659.270436138,1435,465.71,1,3,310
-4115.283920203,7302.650118466,1612,465.71,1,3,99
-4126.801683027,7363.114228635,1713,465.71,1,1,99
-1843.935512638,3481.309980989,607,453.96,1,4,48
-1077.283647130,3465.160577188,688,453.96,1,3,945
-4240.854188191,5326.456347742,1374,472.21,1,3,642
-4254.372090107,5254.281655046,1538,472.21,1,4,642
-4167.108228026,5249.200826572,1558,472.21,1,4,598
-4227.336286276,5302.398116843,1633,472.21,1,2,642
-584.838914144,6072.416597485,1013,400.35,1,4,929
-597.886625648,6050.755580477,1134,400.35,1,3,929
-2464.407002946,3264.934956124,460,465.35,1,2,885
-2356.219940220,4905.065772222,465,465.35,1,2,498
-2158.723146778,2525.141681243,525,465.35,1,2,448
-2114.647404201,2602.884683527,597,465.35,1,1,448
-2442.952276837,3200.577257496,602,465.35,1,4,971
-2366.812535278,4880.767219945,663,465.35,1,1,498
-2158.723146778,2486.270180100,673,465.35,1,2,448
-2026.495919047,2602.884683527,698,465.35,1,3,448
-4485.176712325,7602.587584324,1510,404.6,1,3,848
-4312.897380018,7624.273340801,1537,404.6,1,2,848
2423.121340795,4360.755472811,125,405.1,1,1,328
131.281067291,4036.153564956,953,523.45,1,3,916
733.329264600,2093.802640427,13,601.7,1,3,760
-653.202164668,6393.714859328,1182,351.35,1,1,673
-3268.898615655,7641.364504580,1585,383.6,1,1,513
-3318.248168514,7641.364504580,1600,383.6,1,3,513
-4584.719945687,4739.946539703,1675,383.6,1,3,913
-1295.437477583,5959.376057439,957,451.74,1,1,514
-1367.360358366,5980.334230093,1223,451.74,1,1,514
-4434.422104213,7428.995176351,1416,440.99,1,4,468
-4449.884008215,7416.021612586,1472,440.99,1,1,468
-3307.201970028,7807.902106280,1496,361.74,1,2,733
-4087.239877360,6583.675877096,1590,506.49,1,4,501
-3969.050409104,6563.139153440,1620,506.49,1,4,501
2259.342540872,5333.491746286,59,379.49,1,1,646
-1197.472470516,2392.859100126,497,380.74,1,3,307
-2607.270681971,3055.597383126,592,380.74,1,2,108
-1555.058415996,2796.333830329,660,380.74,1,2,899
-1623.705759495,3655.180302583,748,380.74,1,4,161
-4349.886551736,7507.586472901,1478,432.88,1,3,616
-3467.256865457,6696.251403134,1423,547.26,1,4,705
607.683970626,2383.494189571,24,611.76,1,3,732
594.175377430,2403.828102165,128,611.76,1,3,732
-4292.475664341,4902.454727303,1409,435.38,1,3,551
-4214.506334530,5005.224481341,1609,435.38,1,2,551
-1308.782036562,3296.178482496,453,388.88,1,4,1025
-1231.832089196,3500.083956994,494,388.88,1,3,566
1814.113583187,4467.798948829,151,554.01,1,1,427
-3473.644501141,6520.033588957,1514,587.01,1,3,184
-3483.726309376,6460.971645545,1635,587.01,1,2,184
-1359.383505527,2619.549130219,795,392.13,1,2,669
-2129.673241666,3683.906923542,599,488.13,1,1,851
-2005.846957882,2843.488166254,636,488.13,1,4,725
-2191.123644082,3680.087853836,639,488.13,1,3,60
-2199.170392318,3661.028918406,683,488.13,1,4,60
-2063.074377605,3015.684888126,731,488.13,1,2,725
-3867.255165438,7440.728021403,1443,427.38,1,2,535
-3284.983953565,7301.352692781,1706,427.38,1,3,818
-4236.870047052,5179.714073817,1483,567.51,1,4,79
-4048.436672668,5179.714073817,1661,567.51,1,3,79
-1378.108773477,1346.249606414,60,492.88,1,3,579
-3554.432377908,6558.026736797,1506,574.01,1,1,89
-3554.432377908,6514.242848380,1579,574.01,1,4,89
-3611.454085684,6525.188820484,1642,574.01,1,3,89
-4208.932998366,5557.091112269,1419,479.13,1,3,186
-4183.224687709,5587.345109319,1498,479.13,1,4,186
2103.630177694,4230.016526529,239,542.26,1,3,397
-2836.347172436,6577.568004389,1255,543.76,1,3,908
-2266.199434890,5003.116090007,519,499.52,1,1,483
-2297.904596519,5003.116090007,561,499.52,1,3,483
-2617.600243968,6871.402310205,959,358.52,1,1,507
-2617.600243968,6871.402310205,1181,358.52,1,3,507
-2642.646377498,6878.961710175,1250,358.52,1,3,507
-657.441927660,1584.005409368,100,472.77,1,3,530
1094.398742103,1284.253621077,102,472.77,1,4,144
-113.039912504,1301.509726148,278,472.77,1,3,845
-432.804495854,1237.861175165,347,472.77,1,3,167
-1391.747693681,4649.690187496,970,396.77,1,1,804
353.466309383,5036.394910300,1142,396.77,1,3,962
345.062662114,5055.526180155,1152,396.77,1,3,962
-1344.716090820,3889.931636818,501,509.27,1,4,223
-1734.419192933,3692.759794611,680,509.27,1,1,844
-1746.402812988,3671.877357074,715,509.27,1,3,844
1273.565092742,3620.368411552,286,635.54,1,3,825
594.256215743,2198.541294492,96,589.82,1,2,895
-70.717604801,3688.579003252,1017,507.91,1,1,643
-105.697350512,3712.358442137,1219,507.91,1,4,643
-2375.983405907,2529.959139195,456,381.91,1,2,959
-1432.186695024,2490.886853443,520,381.91,1,4,140
-2721.353174110,6862.861219466,967,350.16,1,1,810
-1550.046162256,5606.726708601,1069,350.16,1,3,984
-2741.930130935,6851.971267497,1191,350.16,1,4,810
-713.345165374,6339.595899906,1264,350.16,1,2,77
-2633.517834631,6603.307584710,904,399.16,1,3,436
-2656.517187756,6618.970543275,1064,399.16,1,2,436
-217.910581562,5249.317209297,1202,399.16,1,4,1003
-1662.149749287,5616.284374193,1189,352.55,1,3,203
-2251.063290377,2782.763358650,812,423.05,1,4,892
-1695.125513635,5715.107685336,1051,354.94,1,4,805
-1734.997283669,5715.107685336,1215,354.94,1,1,805
-2012.561921011,4956.647375351,622,582.63,1,2,336
293.640781381,4739.045298736,929,660.88,1,3,114
260.069759445,4749.996807884,987,660.88,1,2,114
260.069759445,4728.093789588,1068,660.88,1,1,114
327.211803317,4749.996807884,1074,660.88,1,4,114
260.069759445,4771.899826181,1075,660.88,1,3,114
427.924869125,4739.045298736,1256,660.88,1,4,114
1275.830252078,4437.056256727,362,631.88,1,3,33
1780.217486669,3286.264868108,161,366.69,1,2,495
1771.019668000,3327.219248047,177,366.69,1,3,495
-4449.548264617,5116.566482676,1481,398.69,1,3,883
-4449.548264617,5150.935521822,1485,398.69,1,4,883
-4500.939887922,5116.566482676,1578,398.69,1,3,883
-2990.840351166,6050.893385721,1164,463.69,1,1,168
-3006.130469253,5999.317861904,1186,463.69,1,1,168
-1292.276742397,5841.295331628,1210,463.69,1,1,734
223.375434199,1819.396027550,83,480.08,1,3,786
793.764996928,423.853605045,123,480.08,1,2,368
-316.823784455,1215.064677838,223,480.08,1,3,922
-341.963594800,1222.596632987,354,480.08,1,2,922
-1223.878237958,3068.619134987,802,353.08,1,4,291
-1550.207816720,5992.041051047,984,417.08,1,3,523
-1528.151963426,5919.883692579,1045,417.08,1,3,523
141.375657412,799.123916289,345,516.66,1,1,553
-1678.956089261,1142.007019758,86,482.83,1,1,515
-1678.956089261,1058.005482314,160,482.83,1,2,515
-1671.492924437,1366.947394805,228,551.41,1,3,992
820.288033385,335.297611382,70,422.08,1,4,245
-1504.937553555,1889.187154293,156,422.08,1,3,380
690.516237998,335.297611382,377,422.08,1,2,245
-3373.332985264,6448.960196248,1613,634.66,1,2,283
-1569.337158453,4735.182641335,1083,645.69,1,4,683
-3810.454617036,7158.255137460,1521,550.19,1,4,867
-844.909488873,1637.234473189,230,486.97,1,3,65
-602.006914419,6302.006900902,913,359.72,1,3,157
-1671.523130844,4095.952163811,527,530.44,1,4,476
-1671.523130844,4055.474529796,570,530.44,1,3,476
-1245.812529894,3816.764268069,634,530.44,1,1,52
-1790.033320775,3740.314890371,700,530.44,1,2,836
-3920.378541735,7113.806642306,1399,530.69,1,1,687
-3867.689891699,7113.806642306,1494,530.69,1,2,687
-4228.134177788,7056.028133579,1508,530.69,1,4,724
-4130.202984857,6891.304539483,1610,530.69,1,3,565
-4130.202984857,6891.304539483,1678,530.69,1,3,565
-4201.020440286,4891.392283842,1366,426.72,1,2,668
-3393.061110989,7157.163565369,1454,426.72,1,4,859
-3393.061110989,7157.163565369,1515,426.72,1,3,859
-3802.489894852,7234.768026941,1584,537.19,1,1,963
-3762.492332008,7234.768026941,1693,537.19,1,4,963
-3319.010522912,7516.249751635,1363,413.72,1,4,562
-3311.149673928,7541.831722834,1436,413.72,1,2,562
-4106.504459734,6975.810493637,1539,543.69,1,4,785
-4129.130489432,6960.034345847,1542,543.69,1,1,785
-1287.023636098,3232.233437429,608,372.61,1,1,600
891.376349895,447.538576473,254,484.86,1,2,706
-417.152715927,1687.149635267,233,501.11,1,2,212
827.257868245,2504.344795860,303,526.72,1,1,625
-1845.105422518,6223.628607477,1120,362.11,1,4,110
-1827.588915443,6213.014624731,1156,362.11,1,1,110
-2426.298691334,6222.441129147,1179,362.11,1,3,165
-2401.058309658,6214.165374816,1194,362.11,1,1,165
-1845.105422518,6223.628607477,1272,362.11,1,2,110
2115.845208091,4063.616100164,47,628.22,1,2,980
-2116.753050244,2661.504194759,571,475.11,1,3,621
-1215.022620688,3986.226566878,582,475.11,1,3,951
-2297.958451728,4779.708385898,628,475.11,1,3,861
-2385.234422744,3052.918391829,644,475.11,1,2,242
-2339.722927123,3052.918391829,653,475.11,1,3,242
-2153.717344187,2700.420617098,808,475.11,1,1,621
-3399.623927473,7315.793402302,1464,444.61,1,3,346
-1429.353143613,2580.035226082,687,413.11,1,3,622
-1095.843854627,2495.769897065,682,580.25,2,3,832
-2465.778672974,3056.814237717,733,678.25,2,3,22
-567.756501861,4873.227525334,826,678.25,2,2,1022
-2209.348393186,3160.245994531,595,776.25,2,2,894
-2264.254973278,3056.506102150,735,776.25,2,2,894
-2264.254973278,3108.376048340,741,776.25,2,3,894
-1631.991622119,6069.547463100,991,617.5,2,2,318
-1666.020644498,6069.547463100,992,617.5,2,1,318
-1666.020644498,6069.547463100,1026,617.5,2,4,318
-1631.991622119,6106.479357391,1141,617.5,2,2,318
-4613.959919639,5136.658601437,1618,621.5,2,3,120
-4233.820196536,7326.642302236,1429,749.5,2,2,127
-4243.504630385,7229.108875602,1631,749.5,2,2,127
-2025.813803105,2039.399099005,355,558,2,2,217
1274.271591357,1163.505120975,266,687,2,2,251
938.073496074,2479.274628738,366,787,2,1,798
-1473.175632482,954.922679020,58,665.25,2,3,188
1217.507750682,3514.169784944,115,665.25,2,3,968
1404.796398523,3346.433604705,245,665.25,2,2,934
2179.510365288,4964.080440343,279,665.25,2,2,907
-1395.010572698,3810.919525269,598,825.25,2,2,719
-1438.889702479,3828.582153068,779,825.25,2,1,719
-517.656714585,1675.812226557,23,794.25,2,4,212
-584.659380356,1653.137409137,42,794.25,2,4,212
-450.654048813,1698.487043978,62,794.25,2,3,212
210.173667412,875.805025771,124,794.25,2,1,90
1407.665615145,3490.893224423,132,794.25,2,4,602
-244.621947572,4440.110454027,1131,988.75,2,3,287
-100.942720743,5328.444832535,1050,608.03,2,1,10
-2.201149573,3512.111273957,1057,608.03,2,4,62
-2.201149573,3467.746482449,1231,608.03,2,2,62
-4347.353246479,7602.587584324,1517,641.28,2,3,848
-4381.809112941,7602.587584324,1643,641.28,2,1,848
-1662.149749287,5616.284374193,930,558.78,2,4,203
-1704.771328374,5630.225698122,1003,558.78,2,3,203
-469.376971625,3837.903867995,1130,979.28,2,2,753
-1511.444069071,1994.482112237,243,600.03,2,2,147
-2361.324267957,4522.880476844,457,760.78,2,1,776
-2361.324267957,4522.880476844,752,760.78,2,2,776
2231.891815852,4564.949488329,19,829.03,2,3,200
678.080928440,2936.817539985,284,829.03,2,2,574
607.442258494,2897.212219919,372,829.03,2,3,771
2222.694117829,4594.880339746,373,829.03,2,4,200
-1851.781052277,1845.275156833,111,642.06,2,2,239
-1638.431229894,5992.041051047,994,661.06,2,4,523
-1550.207816720,5934.315164273,1006,661.06,2,2,523
-1528.151963426,5948.746635966,1205,661.06,2,4,523
-840.932388086,3713.558009664,1049,1092.93,2,4,286
-816.272382742,3907.951274002,986,1043.68,2,4,292
-1175.487046953,4477.734712329,575,1059.93,2,2,176
-1214.206944861,4555.253316070,629,1059.93,2,1,176
-1214.206944861,4497.114363264,767,1059.93,2,1,176
578.703253381,1987.720487613,246,920.34,2,1,497
570.180058141,2009.225670216,313,920.34,2,3,497
-565.550628266,5120.385828480,909,602.34,2,3,137
-436.331144138,5254.480460710,938,602.34,2,2,615
4.502697651,5359.332759483,977,602.34,2,3,713
12.631829182,5340.500579440,1085,602.34,2,1,713
4.502697651,5359.332759483,1163,602.34,2,4,713
-532.248950537,5229.883061527,1195,602.34,2,4,137
2123.906267826,5021.749305820,17,698.59,2,3,496
-486.826414068,1855.024375009,320,698.59,2,3,43
967.049805489,343.388925118,365,698.59,2,1,1039
-4588.788594816,7076.240407729,1397,573.34,2,2,288
-2895.651431469,6586.524820234,956,861.84,2,1,908
-2856.115258780,6604.438451925,1012,861.84,2,4,908
-1112.661584948,3725.721049241,557,804.37,2,2,534
-618.065058916,4087.839076893,1101,1000.12,2,3,746
-1062.381229990,3002.121590666,482,559.62,2,1,655
-1108.701325240,3076.576966658,532,559.62,2,1,1014
1491.796032957,3427.969568806,215,626.12,2,2,463
-4579.079758923,7267.629836793,1503,597.37,2,2,911
-4193.842844935,5815.668581310,1489,661.87,2,2,658
-4256.478683485,5801.734568217,1554,661.87,2,2,658
-1982.343484428,4572.902176340,556,1088.3,2,3,570
-1966.195146296,4552.187553863,609,1088.3,2,2,570
-1966.195146296,4552.187553863,819,1088.3,2,1,570
-2514.175452075,6215.348693778,1165,583.4,2,1,330
-67.285277713,4514.923398245,1034,1003.9,2,1,332
-4575.481963235,7332.423051910,1644,621.4,2,2,465
-4575.481963235,7528.303709162,1664,621.4,2,1,465
1816.354963977,5215.958137994,91,560.9,2,4,571
-2521.191949079,4569.711533972,485,691.15,2,2,274
-2521.191949079,4549.892635076,671,691.15,2,2,274
-2492.523320637,4559.802084524,685,691.15,2,3,274
-1221.701002268,4296.996525444,580,1011.65,2,1,879
-4322.624666992,5063.426279452,1645,787.9,2,3,235
-4322.624666992,5063.426279452,1682,787.9,2,3,235
-4568.814577542,5046.631478746,1386,724.4,2,2,95
-4588.300400643,4984.457136789,1581,724.4,2,3,95
-4124.780262093,5743.086391054,1462,759.4,2,1,376
-4226.071872138,5496.583118169,1473,759.4,2,4,186
-4124.780262093,5660.153645236,1519,759.4,2,1,376
-4344.452303596,6594.347107643,1549,759.4,2,1,57
-4136.182027840,5680.886831691,1627,759.4,2,4,376
-4113.378496345,5680.886831691,1638,759.4,2,4,376
-4136.182027840,5639.420458782,1703,759.4,2,4,376
-4500.939887922,5116.566482676,1438,631.9,2,1,883
-4449.548264617,5116.566482676,1589,631.9,2,4,883
-2633.517834631,6603.307584710,1090,632.65,2,3,436
-207.448451876,5260.805527775,1158,632.65,2,4,1003
-2610.518481506,6618.970543275,1244,632.65,2,2,436
1352.574695253,3257.188183518,90,668.15,2,4,189
-1612.765933784,4919.669823464,974,1023.4,2,2,683
-1612.765933784,4735.182641335,1031,1023.4,2,1,683
-1344.716090820,3889.931636818,576,807.18,2,3,223
-2357.388150649,5012.334824561,620,807.18,2,1,526
-1734.419192933,3692.759794611,782,807.18,2,4,844
-4227.336286276,5374.572809539,1434,748.43,2,2,642
-4133.060968608,5289.481367196,1692,748.43,2,2,598
-407.806172070,3917.708846456,1125,1049.36,2,3,499
-369.942529466,5263.709231184,906,623.18,2,1,1030
-389.022259977,5271.565401558,924,623.18,2,1,1030
-506.567516676,5634.864588709,1100,784.18,2,2,654
-506.567516676,5743.523632998,1137,784.18,2,3,654
-497.917240209,5662.029349781,1184,784.18,2,4,654
-2401.058309658,6214.165374816,1080,573.93,2,2,165
-1845.105422518,6223.628607477,1216,573.93,2,2,110
-2990.840351166,5982.126020632,980,734.93,2,3,168
-2990.840351166,6119.660750810,1112,734.93,2,1,168
-3922.626876157,7282.418526187,1458,772.46,2,3,976
-3875.143672640,7236.801583826,1490,772.46,2,2,976
-3875.143672640,7282.418526187,1524,772.46,2,2,976
-3863.272871761,7248.205819416,1528,772.46,2,4,976
-3922.626876157,7282.418526187,1602,772.46,2,4,976
-4138.639971743,5464.111535593,1393,872.21,2,3,896
-4160.097234518,5474.575939215,1576,872.21,2,2,896
-4242.735828860,5081.386561524,1497,720.96,2,1,667
-4258.580996603,5064.105567084,1723,720.96,2,1,667
503.212863364,2535.976432465,40,888.46,2,4,730
-1128.519849385,1362.992419761,251,888.46,2,2,722
635.577011217,669.172260285,317,888.46,2,2,477
596.957727073,3757.221037204,323,888.46,2,4,440
537.548778108,4325.595357066,192,1075.42,2,1,361
-2607.270681971,3055.597383126,649,603.46,2,2,108
-2630.616474889,3064.067591710,679,603.46,2,1,108
-1555.058415996,2796.333830329,723,603.46,2,3,899
-1547.046882906,2817.015853469,794,603.46,2,2,899
429.897928760,2384.938309926,198,801.49,2,2,831
1304.885208881,3526.737489828,231,801.49,2,2,5
-1291.030918162,4514.497965841,475,1028.98,2,2,609
-2721.353174110,6862.861219466,926,554.99,2,4,810
-1531.132884709,5597.244219745,928,554.99,2,4,984
-1550.046162256,5606.726708601,1243,554.99,2,4,984
-1702.105728461,2048.271560858,273,586.99,2,1,826
-1627.322918247,2048.271560858,371,586.99,2,2,826
-2504.354038196,2481.628836471,641,587.99,2,1,777
-2442.600075912,2438.386473922,764,587.99,2,1,1008
-1343.386064772,5973.348172542,1040,715.99,2,2,514
669.510836538,3276.917186613,351,815.99,2,4,473
504.510463781,1477.886760893,202,1066.73,2,1,699
504.510463781,1516.034139144,369,1066.73,2,2,699
-1196.856022654,4384.781127921,499,1077.98,2,1,158
-2249.780046258,2506.043282990,736,636.99,2,3,337
-2228.902222672,2520.667979565,754,636.99,2,4,337
-1585.499105984,1889.187154293,92,668.99,2,3,380
-1459.338395998,876.074231135,109,701.49,2,1,334
-3318.248168514,7599.189716477,1690,607.99,2,3,513
-4584.719945687,4739.946539703,1733,607.99,2,3,913
-4411.712652637,4644.449348412,1471,576.77,2,4,362
-1569.325067975,1491.892003517,226,865.27,2,4,772
-3998.597776168,6552.870791612,1431,802.77,2,1,501
-4028.145143232,6563.139153440,1502,802.77,2,2,501
-3998.597776168,6552.870791612,1714,802.77,2,2,501
-2004.817691216,4771.621672471,963,1029.79,2,3,484
-1972.056098341,4803.101299622,1209,1029.79,2,4,484
-3810.454617036,7158.255137460,1380,872.02,2,1,867
-3775.920688442,7170.700773430,1520,872.02,2,3,867
-3764.409378911,7158.255137460,1687,872.02,2,3,867
-3775.920688442,7170.700773430,1688,872.02,2,1,867
-1303.296926351,2567.879179951,550,621.52,2,4,669
-1373.405150320,2606.631642652,600,621.52,2,1,669
1603.441866433,4025.563331287,281,900.05,2,2,854
567.720887413,1914.361542968,336,900.05,2,1,301
472.722234708,2221.819262067,104,778.3,2,2,61
110.294590205,509.202798824,105,778.3,2,1,152
110.294590205,509.202798824,139,778.3,2,3,152
501.040017755,2280.432857913,219,778.3,2,1,61
-4500.973447035,4816.888140061,1389,652.3,2,1,247
-1352.967751571,2095.779439981,291,556.55,2,3,122
-185.929283808,1520.327098305,2,1014.55,2,1,752
1621.751664071,4457.745004135,88,1014.55,2,4,145
-185.929283808,1611.838612580,180,1014.55,2,2,752
-251.009003310,1611.838612580,253,1014.55,2,1,752
-4503.988170041,4735.108702737,1591,600.8,2,4,994
1792.288740519,3445.633257479,276,571.05,2,4,988
-760.553563771,4468.744216019,505,990.3,2,4,78
-3769.266951832,6737.769624697,1540,895.3,2,3,948
-3769.266951832,6925.434575410,1559,895.3,2,4,948
-4124.442934466,7422.811589548,1608,703.8,2,4,182
-4097.077996668,7409.520667070,1729,703.8,2,4,182
-4151.807872264,7409.520667070,1732,703.8,2,3,182
-1612.053236158,1166.446747231,67,834.83,2,1,461
-4593.803238941,4837.029341495,1486,676.33,2,1,638
-4516.502623981,7428.746803755,1505,676.33,2,4,84
-4586.097776447,4815.025253428,1566,676.33,2,3,638
-4201.020440286,4891.392283842,1588,676.33,2,3,668
-3393.061110989,7157.163565369,1657,676.33,2,2,859
-4586.097776447,4815.025253428,1691,676.33,2,1,638
-4201.020440286,4891.392283842,1696,676.33,2,3,668
-3368.163022869,7165.251937315,1712,676.33,2,2,859
-3393.061110989,7157.163565369,1725,676.33,2,3,859
-127.266447263,3412.393319469,910,589.08,2,1,563
-320.083923694,3603.070765997,948,786.08,2,3,449
-95.178463649,3562.752767085,951,786.08,2,2,449
-4499.445899819,4977.450007835,1415,694.08,2,4,748
-4520.133614134,4895.949941161,1449,694.08,2,1,748
-4437.382756876,4895.949941161,1465,694.08,2,2,748
-1333.088632372,2688.886124497,711,631.83,2,3,661
-1300.500597407,2680.485998435,719,631.83,2,1,661
-3538.231535563,7162.600293287,1361,768.11,2,1,143
-3581.037298689,7172.023379646,1414,768.11,2,3,143
-1670.287981054,6254.208538501,1247,579.61,2,4,835
-1285.292246307,3278.644928762,704,616.36,2,2,1025
-1220.285722024,3468.320028497,712,616.36,2,2,566
260.069759445,4793.802844477,1224,1047.47,2,2,114
353.466309383,5036.394910300,905,628.86,2,1,962
345.062662114,5055.526180155,1053,628.86,2,3,962
-1190.949104417,2889.114136006,810,567.36,2,2,710
-2448.445995763,2975.182377746,655,665.36,2,1,739
-3483.726309376,6460.971645545,1398,930.39,2,4,184
-3483.726309376,6539.720903428,1461,930.39,2,3,184
332.427114444,799.123916289,46,818.89,2,1,553
-1319.542656393,3722.227422063,463,887.14,2,2,30
-1310.946680580,3699.906658370,743,887.14,2,3,30
-625.572481237,6284.072402551,1146,570.14,2,3,157
163.058765455,4036.153564956,1167,829.64,2,3,916
-2104.405193411,3667.258808232,459,773.67,2,3,851
-2079.137145157,3650.610692922,479,773.67,2,4,851
-3703.248332132,7026.105302978,1684,902.92,2,1,768
-4580.138686258,7008.662374002,1582,556.17,2,3,316
-3373.332985264,6448.960196248,1442,1005.92,2,4,283
2233.214439883,4053.359048844,74,846.42,2,3,377
2233.214439883,4053.359048844,322,846.42,2,4,377
-1220.818662521,3318.570415044,645,626.67,2,2,636
-207.842497409,5336.118050985,914,659.17,2,3,386
-3660.264617037,5706.288268657,921,659.17,2,3,358
-3062.288404231,6023.397685584,946,659.17,2,2,399
-3663.413669745,4812.375824141,950,659.17,2,4,873
-2386.153776890,5877.001177989,971,659.17,2,3,910
-3663.413669745,4812.375824141,1011,659.17,2,2,873
-3610.093612111,5654.560913916,1078,659.17,2,4,358
-1803.506193612,5850.647195738,1143,659.17,2,1,841
-3341.984083186,5587.368657736,1185,659.17,2,4,396
-3610.093612111,5706.288268657,1188,659.17,2,4,358
-3663.413669745,4812.375824141,1278,659.17,2,2,873
-1051.335368399,5869.578358103,1063,981.17,2,4,620
-966.522613538,5833.026605922,1270,981.17,2,1,620
-1585.684828395,3810.988683375,806,822.67,2,3,989
-1051.048118647,3607.540081596,542,795.67,2,3,703
-3324.578113806,7755.314857560,1599,580.2,2,1,226
2211.118804081,5227.989103586,16,681.2,2,2,533
-2487.390748387,2608.134798717,713,649.7,2,4,824
-2444.634965309,2576.320744885,717,649.7,2,3,824
-2466.012856848,2592.227771801,774,649.7,2,3,824
-1613.469903775,1032.372216886,241,781.2,2,2,979
-1626.617688263,998.234844624,282,781.2,2,2,979
-670.036138468,4866.766649666,517,851.45,2,1,433
-2247.098703128,2849.452277082,544,660.2,2,4,131
-2194.538213274,2838.016470986,694,660.2,2,4,131
-3134.773907461,6298.465427430,1697,1068.15,2,3,957
-3119.545759052,6279.856637381,1708,1068.15,2,3,957
-1435.412887830,2057.431874756,301,573.95,2,3,1013
-1530.703986220,2057.431874756,309,573.95,2,4,1013
-3958.427688031,5655.636275799,1456,926.95,2,2,300
2217.516894081,4848.952197366,344,615.98,2,4,520
-1628.849640316,797.260486608,288,715.98,2,1,195
-1223.284282152,3932.790230939,476,791.98,2,4,640
589.712686467,3461.117029912,376,872.51,2,1,763
1313.929347589,4437.056256727,209,1001.51,2,2,33
-1449.299783128,2620.799821234,488,654.76,2,4,622
-1930.840021949,2773.773585206,481,719.51,2,1,2
-1069.442138311,3492.281237405,491,719.51,2,4,945
-1957.896301648,2793.897965055,652,719.51,2,3,2
-1069.442138311,3492.281237405,664,719.51,2,1,945
-1863.614094415,3489.744653849,816,719.51,2,2,48
-1939.858781849,2793.897965055,818,719.51,2,4,2
-1118.918389836,1453.507684726,114,879.76,2,3,353
-4360.129321835,7227.962230827,1597,713.29,2,1,528
-4511.231401030,5065.876199196,1652,713.29,2,2,415
-4434.874589913,7542.979763038,1557,657.54,2,2,378
-4434.874589913,7503.549114211,1621,657.54,2,3,378
-571.791202640,6029.094563469,1056,634.54,2,1,929
-597.886625648,6029.094563469,1110,634.54,2,2,929
-584.838914144,6072.416597485,1251,634.54,2,4,929
-2390.269322131,4701.931451957,489,737.57,2,3,250
-2442.952276837,3161.863690139,594,737.57,2,4,971
-2158.723146778,2602.884683527,788,737.57,2,4,448
-754.349255356,5537.173528463,1159,933.82,2,3,1019
-740.185803080,5637.848770005,1241,933.82,2,2,271
-3286.069076203,6620.496821973,1394,933.82,2,1,815
-3286.069076203,6620.496821973,1513,933.82,2,2,815
-1406.974341834,896.451537633,31,749.32,2,2,363
1068.300420731,1266.859951851,39,749.32,2,4,144
1175.072010214,1558.156015063,54,749.32,2,1,756
-456.338247675,1395.282163491,168,749.32,2,4,685
1259.755031955,4768.654034993,188,749.32,2,4,741
-493.726870752,1395.282163491,297,749.32,2,3,685
-698.206846723,1573.275050194,312,749.32,2,3,530
-1226.993143660,3218.864741534,577,590.57,2,4,600
-1136.947405004,3205.496045639,771,590.57,2,3,600
-1917.968290838,5797.276162063,1153,625.07,2,2,414
-1551.334364539,5650.818929733,1239,562.57,2,1,508
-1551.334364539,5676.174237813,1254,562.57,2,2,508
860.994566753,1631.175142850,307,850.82,2,3,839
-1452.265339758,2471.367504033,569,605.32,2,4,140
-609.148310548,5120.376970751,965,615.6,2,2,676
-2633.490867456,6293.853486321,1036,615.6,2,1,105
-490.428484854,5933.228355515,1073,615.6,2,1,50
-2609.285611307,6308.698483863,1076,615.6,2,1,105
-609.148310548,5206.932844784,1129,615.6,2,2,676
-631.709313943,5149.228928762,1157,615.6,2,3,676
-469.821022271,5943.867019339,1180,615.6,2,1,50
-3399.314534070,5914.246870667,1088,973.6,2,3,442
-3399.314534070,6006.532233056,1095,973.6,2,2,442
-771.573052339,5378.048731270,1183,973.6,2,3,985
-4349.886551736,7552.880411074,1607,686.1,2,4,616
-4300.938975441,7416.998596554,1617,686.1,2,4,616
1831.089369763,5326.192433295,101,562.35,2,3,846
-3787.283505819,7444.296955675,1596,820.35,2,4,38
-3765.991924164,7453.379751992,1606,820.35,2,3,38
-667.094841301,6006.316308945,1044,825.85,2,4,978
-3821.525168424,6445.583704233,1375,957.85,2,4,390
-3821.525168424,6445.583704233,1694,957.85,2,3,390
-4093.009794304,6481.126502982,1531,738.13,2,4,721
-4161.354971499,7351.021406602,1623,738.13,2,1,99
-4161.354971499,7302.650118466,1677,738.13,2,4,99
-3893.849676459,7448.434172408,1411,677.38,2,4,535
-3313.834575184,7410.998461783,1586,677.38,2,1,818
-3313.834575184,7323.281846582,1637,677.38,2,2,818
-3323.451449057,7432.927615583,1641,677.38,2,2,818
-4130.202984857,6891.304539483,1432,841.13,2,2,565
-4130.202984857,6891.304539483,1469,841.13,2,3,565
-3867.689891699,7163.711898319,1501,841.13,2,3,687
-4228.134177788,7056.028133579,1672,841.13,2,4,724
-511.596081723,6362.843895699,1198,556.88,2,2,673
-505.807457343,4014.804587660,1151,1013.38,2,1,325
-365.125986262,1859.864284394,93,726.13,2,4,1027
-322.331613607,1859.864284394,206,726.13,2,4,1027
212.255302273,1303.969254254,107,955.13,2,2,381
1077.697944432,648.442716370,1,768.16,2,4,340
1066.514483523,676.087689353,171,768.16,2,4,340
-1996.525861446,3094.371038681,614,781.41,2,1,505
-3374.454980447,5196.629217472,1268,695.16,2,3,611
810.234702003,406.600622834,184,760.91,2,2,368
-1662.428026037,3416.372256797,824,634.41,2,3,59
-1698.007989215,3783.079349592,464,830.41,2,2,965
-1678.357280337,3804.589610456,640,830.41,2,2,965
-1025.463020641,1458.394457928,236,802.94,2,2,961
1789.415305338,3245.310488169,183,581.19,2,3,495
-1180.704739876,2615.334435880,702,618.94,2,2,944
-501.204974549,6212.625748319,1269,587.19,2,3,264
1409.399529105,3410.171268221,169,688.44,2,4,83
-3609.947816591,7352.163997450,1564,786.19,2,1,1040
-3578.519490321,7317.286291980,1569,786.19,2,4,1040
-2373.544564468,2884.610915897,677,667.94,2,2,130
-671.995127357,5872.867767468,978,895.94,2,3,1017
-615.361040098,6219.202532755,934,577.72,2,3,898
-2495.139053685,6791.116922785,955,577.72,2,3,457
-574.854540896,6184.855099073,985,577.72,2,2,898
-1450.873858296,2691.586291343,496,644.97,2,2,539
-1125.432145361,4009.136028156,454,742.72,2,4,293
-1263.076851149,3831.592894123,658,840.72,2,3,52
-1228.548208639,3831.592894123,707,840.72,2,3,52
-1245.812529894,3816.764268069,759,840.72,2,4,52
-1761.149906110,4050.736798380,797,840.72,2,3,294
-4602.758597842,7604.489701962,1390,617.97,2,4,11
-4583.825739743,7612.940521286,1563,617.97,2,3,11
191.464599049,1226.126932955,358,973.97,2,1,878
-1473.052212769,5111.984404851,1162,948.97,2,4,758
-1490.541237895,5089.588539739,1266,948.97,2,3,758
-2297.904596519,4929.991861131,697,791.72,2,3,483
2149.658693191,4230.016526529,333,859.47,2,3,397
-4151.756519131,6975.810493637,1710,861.72,2,3,785
-4106.504459734,6975.810493637,1718,861.72,2,2,785
-1999.738768461,3482.991883463,526,1155.25,3,3,270
-2020.825933184,3463.822326041,770,1155.25,3,3,270
-2033.159140492,3287.189783599,670,966.5,3,3,1031
-1997.665610185,3323.628519145,714,966.5,3,3,1031
-1997.665610185,3287.189783599,798,966.5,3,1,1031
-1981.255349846,4999.293874208,648,1165.25,3,1,336
-1981.255349846,4956.647375351,817,1165.25,3,1,336
-4409.872156636,5045.171378573,1536,935.75,3,2,572
-4395.678548620,5061.710720750,1611,935.75,3,3,572
-4409.872156636,5045.171378573,1681,935.75,3,2,572
-4395.678548620,5061.710720750,1705,935.75,3,1,572
-4405.993716341,4838.595589590,1573,784.25,3,2,897
-1873.321906160,5782.470763253,907,788.75,3,3,414
-1962.614675516,5797.276162063,997,788.75,3,4,414
-1828.675521483,5797.276162063,1150,788.75,3,3,414
-1739.382752127,5767.665364442,1178,788.75,3,1,414
-12.938059864,46.525188718,334,823,3,2,628
-1171.532038940,3745.548744754,642,1015,3,3,534
-2521.259761784,6807.092075811,1104,729,3,1,457
-2521.259761784,6775.141769760,1227,729,3,2,457
2418.913601700,4154.232521121,21,857.75,3,1,94
2433.199960585,4131.730233233,316,857.75,3,3,94
2423.102047055,4028.062760990,337,857.75,3,1,97
-4200.363561480,5647.853103419,1565,958.25,3,1,186
1999.480720150,5322.478792533,134,707.78,3,4,237
1714.333886562,3405.811654880,148,742.53,3,3,860
1714.333886562,3363.864233592,191,742.53,3,4,860
-522.416730091,1601.494994073,79,945.53,3,2,119
1042.202099359,1249.466282625,300,945.53,3,3,144
1420.163920831,4930.580077678,356,945.53,3,3,799
-1399.321453009,4670.082592856,903,793.53,3,4,804
-1219.357533255,3387.294219472,584,797.28,3,4,552
-489.266963742,5689.194110853,1070,989.53,3,2,654
-463.316134341,5770.688394071,1176,989.53,3,4,654
-1184.869214565,4331.171994439,738,1276.56,3,4,879
-2146.908037693,5863.511699319,981,831.78,3,2,404
-1420.786968623,5982.023394906,1010,831.78,3,2,488
-1460.092862840,5925.937351360,1039,831.78,3,4,488
-2106.285900954,5797.207128796,1043,831.78,3,1,947
-3622.636363342,5693.356429972,1135,831.78,3,1,358
-183.394699999,5328.335829851,1139,831.78,3,2,386
-1460.092862840,5982.023394906,1213,831.78,3,4,488
-3071.594004654,6045.059000833,1230,831.78,3,3,399
-1420.786968623,5982.023394906,1258,831.78,3,4,488
-2642.931809206,6805.712475474,923,738.56,3,1,581
-1769.043962172,882.496273453,163,899.81,3,3,405
-1702.630952478,953.905130734,225,899.81,3,1,405
-3764.409378911,7108.472593580,1460,1100.37,3,3,867
-3764.409378911,7158.255137460,1511,1100.37,3,2,867
-3764.409378911,7108.472593580,1636,1100.37,3,1,867
1066.514483523,620.797743387,238,969.31,3,1,340
602.871595462,3273.107684163,150,1046.12,3,4,538
670.168997689,2914.164152928,218,1046.12,3,4,574
-2113.053931509,3184.479879813,625,1008.81,3,4,629
-742.359038374,4484.939824223,588,1249.62,3,4,78
-840.932388086,3752.761692072,1166,1379.12,3,2,286
-4540.795251794,6999.394029243,1405,701.81,3,1,316
-2610.518481506,6587.644626146,990,798.31,3,3,436
-2610.518481506,6618.970543275,1041,798.31,3,1,436
-165.599933130,5260.805527775,1103,798.31,3,4,1003
-207.448451876,5214.852253865,1201,798.31,3,2,1003
-165.599933130,5260.805527775,1245,798.31,3,3,1003
-4129.130489432,6960.034345847,1421,1087.37,3,3,785
-4151.756519131,6975.810493637,1533,1087.37,3,4,785
-3387.136081075,7420.454434172,1560,803.09,3,3,402
415.487618283,1115.317243853,262,1296.68,3,1,920
-1307.262373282,4476.916402918,581,1298.43,3,4,609
-1274.799463043,4476.916402918,749,1298.43,3,4,609
-2352.640562508,2865.632371963,667,842.84,3,4,130
-994.343249591,5055.626237519,750,1301.68,3,1,192
-1950.112367519,2081.396323862,298,715.09,3,4,697
-1354.973768504,1981.214609006,349,715.09,3,1,266
-2158.884767948,3070.618793343,504,1010.34,3,1,547
-2091.739152834,3070.618793343,676,1010.34,3,1,547
-1788.422431498,2706.008069603,647,865.62,3,4,81
-1725.399397046,2706.008069603,766,865.62,3,1,81
2034.773217742,4443.291111659,145,1031.49,3,2,18
2019.394740907,4428.250569680,227,1031.49,3,4,18
2050.151694578,4458.331653639,247,1031.49,3,4,18
1489.136313176,3323.117701293,174,773.62,3,3,542
443.809398180,867.265902634,129,1100.99,3,3,383
397.426808802,867.265902634,255,1100.99,3,3,383
-1664.887384548,6169.220169852,949,748.12,3,2,1026
-1645.375325970,6183.963719673,1133,748.12,3,4,1026
-1625.863267392,6198.707269494,1218,748.12,3,3,1026
-4584.344494184,7365.069828118,1625,784.12,3,4,465
-4593.207025132,7528.303709162,1679,784.12,3,3,465
978.024637547,519.298739403,205,976.62,3,1,73
-3769.266951832,6831.602100054,1686,1129.74,3,4,948
573.010920911,1804.635249636,30,1135.74,3,4,834
1603.441866433,4025.563331287,66,1135.74,3,3,854
563.109383572,1776.051722536,103,1135.74,3,1,834
567.720887413,1914.361542968,112,1135.74,3,4,301
-1655.964978835,2625.349838476,669,862.37,3,1,960
-3868.788730251,5243.136529300,1468,1277.99,3,1,624
-3815.677807198,5298.173462317,1658,1277.99,3,3,624
-3868.788730251,5408.247328353,1702,1277.99,3,2,624
-3603.299537979,5910.234796672,915,1278.74,3,2,216
-525.288244797,4029.285100466,1207,1278.74,3,2,325
-486.326669889,4029.285100466,1228,1278.74,3,2,325
-4117.674594405,7065.838655003,1467,1044.05,3,1,545
-4174.165447974,6654.484640436,1551,1009.4,3,4,605
-854.534714146,5747.052761843,1225,1190.3,3,4,504
-2458.924169429,2678.418056019,462,885.15,3,3,478
-671.995127357,5872.867767468,1117,1130.55,3,2,1017
-639.939586929,5835.836586597,1253,1130.55,3,1,1017
-4052.154520248,7015.389198656,1535,1068.05,3,4,407
-3986.476969033,7015.389198656,1680,1068.05,3,4,407
-3178.434537039,5838.581871926,976,1042.11,3,3,536
-1199.851719928,2909.326175391,675,715.93,3,4,710
-1190.949104417,2889.114136006,703,715.93,3,2,710
-1199.851719928,2909.326175391,776,715.93,3,3,710
-1966.915061547,2693.276065810,498,907.93,3,2,2
-1077.283647130,3465.160577188,516,907.93,3,3,945
-1966.915061547,2773.773585206,534,907.93,3,1,2
-1863.614094415,3489.744653849,646,907.93,3,2,48
-1843.935512638,3481.309980989,758,907.93,3,1,48
-1717.658698093,3761.569088728,487,1047.86,3,3,965
-1717.658698093,3804.589610456,613,1047.86,3,4,965
-1717.658698093,3761.569088728,822,1047.86,3,4,965
-1064.134514786,2409.744551714,543,719.18,3,1,102
-1027.455599456,2422.599034227,768,719.18,3,4,102
588.449754091,3728.438009394,147,1121.11,3,2,440
626.694050627,683.489416326,208,1121.11,3,1,477
593.968489703,3555.941753444,257,1121.11,3,3,931
-3693.171308009,7143.903444637,1516,1139.36,3,1,768
-1456.447338472,2423.787445769,512,741.96,3,2,791
-2451.331027750,2519.041052066,710,741.96,3,4,777
1417.176056637,3332.468498866,38,839.46,3,4,934
1404.796398523,3346.433604705,108,839.46,3,2,934
2191.451754179,4945.821523931,154,839.46,3,2,907
-1372.069897272,721.887061499,329,839.46,3,2,31
-1257.008389879,3232.233437429,780,745.21,3,3,600
-1097.568390718,3896.229871821,573,937.21,3,4,293
1384.395776823,3624.778668987,50,1302.17,3,3,134
-4255.048421588,7164.441147049,1422,951.46,3,4,613
-3495.425772437,7172.023379646,1455,969.24,3,2,143
-3495.425772437,7153.177206929,1532,969.24,3,4,143
-3538.231535563,7162.600293287,1562,969.24,3,1,143
-3922.626876157,7236.801583826,1453,974.74,3,4,976
-4449.884008215,7416.021612586,1425,881.99,3,3,468
-4434.422104213,7428.995176351,1552,881.99,3,3,468
-4449.884008215,7416.021612586,1619,881.99,3,1,468
-828.397288716,3924.800394749,1060,1316.98,3,4,292
-828.397288716,3924.800394749,1140,1316.98,3,3,292
-1423.583122205,1973.313754260,121,724.24,3,1,117
-1436.739648485,1991.452210936,122,724.24,3,2,117
-1423.583122205,1973.313754260,229,724.24,3,1,117
-4057.692510296,6573.407515268,1446,1012.99,3,1,501
2119.566426939,5333.491746286,14,758.99,3,2,646
-1222.401902058,2383.629318538,541,761.49,3,2,307
-1613.045394661,3631.197962190,547,761.49,3,1,161
-1547.046882906,2817.015853469,705,761.49,3,4,899
-1613.045394661,3631.197962190,720,761.49,3,4,161
-1613.045394661,3631.197962190,756,761.49,3,3,161
-1623.705759495,3655.180302583,769,761.49,3,1,161
-1613.045394661,3631.197962190,801,761.49,3,3,161
1562.957383872,3260.773730909,370,793.74,3,1,682
-1214.206944861,4477.734712329,548,1337.48,3,2,176
-1214.206944861,4574.632967005,686,1337.48,3,1,176
33.054785041,3467.746482449,942,767.24,3,3,62
33.054785041,3467.746482449,1091,767.24,3,1,62
-54.608425519,5328.444832535,1233,767.24,3,4,10
-2361.324267957,4581.945695705,511,959.99,3,4,776
-1918.740071885,2853.426937952,612,959.99,3,3,977
-2403.434619436,4581.945695705,619,959.99,3,2,776
-2371.851855827,4508.114172129,692,959.99,3,1,776
-1918.740071885,2853.426937952,789,959.99,3,4,977
-748.834699476,5366.606751644,1072,1228.54,3,1,985
-4331.460329247,5005.224481341,1583,870.77,3,4,551
-4292.475664341,5005.224481341,1660,870.77,3,3,551
-1359.383505527,2567.879179951,461,784.27,3,4,669
-1289.275281557,2580.796667518,763,784.27,3,3,669
-1359.383505527,2567.879179951,781,784.27,3,2,669
-3693.492631167,6958.416817250,1592,1124.29,3,2,778
-3653.280929272,6929.141188127,1653,1124.29,3,3,778
-3673.386780219,6943.779002688,1673,1124.29,3,4,778
-2374.068133460,3212.115940722,701,979.52,3,4,894
-1111.250778421,4393.269415571,734,1383.04,3,2,71
-1206.552731328,3302.697492364,478,790.77,3,2,636
-23.337442688,4416.186995014,1119,1326.54,3,1,663
-67.285277713,4591.746610455,1033,1266.79,3,1,332
-1494.063285127,1355.590565369,330,985.77,3,1,579
2229.251508649,4472.603755319,65,1020.52,3,2,750
-3134.773907461,6298.465427430,1371,1347.85,3,2,957
15.491646009,5243.946538390,1109,776.8,3,1,833
-490.428484854,5933.228355515,1238,776.8,3,2,50
-1030.132179684,5924.405986375,996,1238.1,3,1,620
-2642.646377498,6878.961710175,979,717.05,3,1,507
-740.185803080,5637.848770005,1123,1178.35,3,4,271
-758.276276578,5646.307098997,1128,1178.35,3,4,271
760.139651316,552.183303160,212,1057.1,3,2,889
-4586.943131174,7246.790468338,1440,753.8,3,3,911
-4432.458431322,4635.607330545,1376,727.8,3,4,362
-4432.458431322,4635.607330545,1546,727.8,3,1,362
-1396.319448419,2171.962600676,22,696.8,3,3,809
-1406.441427226,2146.978780439,352,696.8,3,1,809
-1353.514355557,1448.786902737,315,993.08,3,2,903
2050.180926105,4335.080358994,35,1029.66,3,2,921
660.565525689,3301.571172472,232,1029.66,3,2,473
2133.190994832,4335.080358994,342,1029.66,3,2,921
-1292.445983267,3550.971500095,793,836.33,3,2,924
-3787.283505819,7444.296955675,1402,1035.16,3,1,38
-3765.991924164,7453.379751992,1567,1035.16,3,3,38
-4416.695042561,4912.249954496,1353,875.83,3,4,748
-192.656824973,4291.096430324,1232,1247.66,3,3,287
2015.601225839,4877.664215132,106,720.58,3,3,819
1792.288740519,3445.633257479,187,720.58,3,4,988
2035.172627929,4888.173729218,367,720.58,3,2,819
-1934.044511565,783.890120256,41,790.08,3,1,233
1471.614073385,3419.399761740,277,790.08,3,1,463
2250.854906111,5251.336830690,6,859.58,3,2,533
-1412.108050290,2510.406202854,777,763.83,3,4,140
1910.804726090,5326.192433295,28,709.61,3,2,846
-1268.077757999,3893.435107645,466,999.36,3,2,640
-4202.027453902,6880.234013901,1367,1039.72,3,1,666
-4190.756850076,6849.597970149,1720,1039.72,3,3,666
1224.552204280,540.779537605,368,744.36,3,3,1010
-528.296891976,4692.663312867,552,813.86,3,2,451
-1472.323075669,2683.753018098,678,813.86,3,1,539
-369.942529466,5263.709231184,958,786.36,3,1,1030
-389.022259977,5271.565401558,1149,786.36,3,3,1030
-369.942529466,5263.709231184,1154,786.36,3,1,1030
486.881126232,2251.126059990,7,982.11,3,4,61
486.881126232,2251.126059990,119,982.11,3,3,61
117.853799740,528.565169590,149,982.11,3,4,152
-1473.052212769,5067.192674626,1234,1197.47,3,3,758
-4481.222443781,4834.303034751,1574,823.11,3,2,247
-567.756501861,4873.227525334,514,855.86,3,4,1022
-567.756501861,4873.227525334,784,855.86,3,4,1022
2243.650763871,5111.970793148,201,866.89,3,4,817
1266.616423055,1145.204402277,249,866.89,3,4,251
1235.256941453,1513.869840674,361,866.89,3,4,199
-929.402897685,1195.464747848,304,901.64,3,3,956
-1998.491822560,4552.187553863,813,1373.28,3,1,570
-4079.842235065,5075.715888414,1379,1135.03,3,4,79
-1730.404798863,6267.150262561,920,731.39,3,3,835
-3266.579349204,7755.314857560,1667,732.14,3,2,226
-3600.049744129,6558.026736797,1372,1148.03,3,3,89
-3600.049744129,6514.242848380,1571,1148.03,3,2,89
-1660.487083188,5948.746635966,1212,834.17,3,3,523
-1610.522344354,2813.367518665,500,803.92,3,4,675
570.180058141,2009.225670216,143,1161.34,3,4,497
-1226.033598336,2995.256213175,468,709.42,3,2,754
-1202.908077993,2978.893278979,737,709.42,3,3,754
-1226.033598336,2995.256213175,814,709.42,3,2,754
-2083.375948595,3284.514510041,533,1038.09,3,2,246
-1585.684828395,3810.988683375,656,1038.09,3,1,989
-1130.811318163,2817.328059404,480,712.67,3,3,610
1267.207493724,1344.203245992,45,844.17,3,1,926
1257.621374760,1325.011074944,158,844.17,3,1,926
-1844.886172213,1645.329996610,52,751.67,3,2,281
1186.960200974,3164.371227731,185,751.67,3,4,111
1671.210374132,3222.106190978,289,751.67,3,4,138
-799.315279391,1344.339855881,240,821.17,3,3,443
-1598.212440431,1727.726269948,152,885.67,3,2,927
-1598.212440431,1771.583192798,242,885.67,3,3,927
-140.159555658,3603.070765997,943,991.92,3,1,449
-2366.812535278,4783.573010838,530,930.7,3,3,498
-2511.763385691,3200.577257496,565,930.7,3,2,971
-1664.714323354,2058.907219897,26,740.7,3,1,826
-511.663898335,6179.954587182,1114,740.95,3,1,264
2488.067018234,4043.913272530,193,775.45,3,4,813
-4312.897380018,7602.587584324,1727,809.2,3,1,848
618.624018011,419.607867477,166,810.2,3,1,564
-1025.463020641,1571.165821105,97,1013.2,3,3,961
-407.806172070,4178.756716366,1136,1324.15,3,1,499
-375.774969302,4004.724803093,1217,1324.15,3,1,499
-4616.827642267,4697.617539508,1700,767.2,3,3,913
108.819909141,419.466564508,157,897.98,3,1,902
-4427.797589567,7054.325309151,1448,710.48,3,2,737
1488.478248025,3490.893224423,136,1002.23,3,3,602
-1201.939374119,4013.348077974,568,950.23,3,3,951
-1201.939374119,4013.348077974,783,950.23,3,3,951
45.017824087,1116.591553125,82,1146.71,3,1,319
47.521106197,947.513748612,77,1090.02,3,2,656
-4349.886551736,7416.998596554,1547,865.76,3,1,616
607.683970626,2383.494189571,263,1223.52,3,3,732
-3493.808117612,6480.658960016,1495,1174.02,3,3,184
-3433.317268199,6559.408217898,1550,1174.02,3,2,184
-4242.735828860,5081.386561524,1410,909.76,3,4,667
-2199.170392318,3661.028918406,546,976.26,3,1,60
-2079.137145157,3683.906923542,632,976.26,3,3,851
-2191.123644082,3680.087853836,689,976.26,3,4,60
-2104.405193411,3667.258808232,699,976.26,3,1,851
-2079.137145157,3650.610692922,773,976.26,3,4,851
-4233.820196536,7248.615560929,1525,945.76,3,1,127
-3284.983953565,7301.352692781,1523,854.76,3,4,818
-3323.451449057,7389.069307983,1544,854.76,3,4,818
-1671.919426068,3427.291095635,691,800.54,3,4,59
-1633.953825944,3427.291095635,725,800.54,3,3,59
-2249.780046258,2506.043282990,486,803.79,3,1,337
-2270.657869844,2491.418586415,627,803.79,3,3,337
-1933.301698620,2997.055788283,540,995.79,3,4,577
-2278.788504240,2979.382910232,804,995.79,3,4,996
-2297.904596519,4905.617118172,554,999.04,3,2,483
-2297.904596519,5027.490832966,596,999.04,3,3,483
-2266.199434890,5027.490832966,695,999.04,3,4,483
-1697.030310574,1239.030178706,10,1104.33,3,4,512
663.372039682,3786.540333108,64,1104.33,3,2,1021
-4602.758597842,7604.489701962,1499,779.79,3,2,11
-1918.450512890,2609.526186765,684,908.04,3,1,312
-1323.214996404,3881.505137575,539,1018.54,3,2,223
-1734.419192933,3692.759794611,593,1018.54,3,2,844
-1344.716090820,3889.931636818,746,1018.54,3,4,223
-2178.206696771,4808.476104745,792,1018.54,3,4,221
-1340.791101918,2119.691752326,73,702.29,3,3,122
-1328.614452264,2167.516377016,76,702.29,3,1,122
-4585.173062095,4906.278483922,1417,900.07,3,2,191
-4471.613534604,5032.934361558,1477,900.07,3,2,415
-4511.231401030,5065.876199196,1480,900.07,3,3,415
-4471.613534604,5032.934361558,1626,900.07,3,3,415
-4338.252772637,7217.675876721,1698,900.07,3,2,528
147.169916373,4052.559847408,931,1046.89,3,2,916
147.169916373,4052.559847408,1067,1046.89,3,4,916
402.587300168,1277.566891176,274,1313.14,3,4,597
418.371246121,1258.198723121,283,1313.14,3,3,597
-88.207477656,3736.137881021,933,1015.82,3,3,643
-70.717604801,3783.696758790,1054,1015.82,3,3,643
-105.697350512,3807.476197675,1199,1015.82,3,3,643
-470.072263927,5254.480460710,983,760.07,3,1,615
-1730.565797035,6085.754816818,1214,760.07,3,3,855
-532.248950537,5202.508753265,1260,760.07,3,1,137
-2741.930130935,6851.971267497,947,700.32,3,4,810
-694.154764562,6329.574564276,1105,700.32,3,1,77
-713.345165374,6339.595899906,1132,700.32,3,2,77
-694.154764562,6329.574564276,1200,700.32,3,2,77
-2721.353174110,6862.861219466,1206,700.32,3,2,810
-1619.528170201,5602.343050264,1047,705.1,3,4,203
-1988.436894779,4787.361486047,1237,1299.45,3,3,484
1236.857192982,3223.993525125,326,813.85,3,3,24
1060.952789581,488.268911884,43,883.35,3,1,796
1077.196616372,438.751251169,131,883.35,3,3,796
-3377.265665561,6635.690128604,1430,1094.51,3,2,705
-1529.753612017,5663.496583773,1025,709.88,3,4,508
-2492.523320637,4559.802084524,471,872.13,3,4,274
-2093.124538600,2770.192092453,483,872.13,3,4,366
394.353847189,4728.093789588,1124,1321.76,3,1,114
-4431.323604920,4695.840394037,1659,758.13,3,3,994
-588.076760652,4095.949020902,1118,1262.01,3,2,746
1294.879799833,4462.162809062,20,1263.76,3,1,33
1749.555767290,5245.752715136,33,698.63,3,1,469
-1344.084383193,5841.295331628,960,927.38,3,1,734
-1292.276742397,5841.295331628,1066,927.38,3,2,734
-1318.180562795,5833.072779199,1161,927.38,3,2,734
-2914.389760731,5896.166814271,1259,927.38,3,4,168
-341.963594800,1222.596632987,11,960.16,3,2,922
-316.823784455,1215.064677838,113,960.16,3,1,922
-792.760459324,1573.503621102,343,960.16,3,2,374
-1196.557026124,3078.852116162,729,706.16,3,4,291
-1251.199449792,3058.386153813,775,706.16,3,3,291
-1109.321424813,3017.717465700,815,706.16,3,3,655
-1109.321424813,2986.525715633,823,706.16,3,3,655
529.033650375,4425.668816339,159,1375.32,3,2,975
-4167.108228026,5289.481367196,1493,944.41,3,3,598
-4227.336286276,5278.339885945,1507,944.41,3,4,642
-4167.108228026,5289.481367196,1721,944.41,3,1,598
2253.321106272,4060.927915441,44,1068.07,3,4,377
927.514588568,4571.087727993,210,1340.57,3,4,906
-1649.006133309,6088.013410245,936,779.19,3,1,318
-1631.991622119,6106.479357391,993,779.19,3,2,318
-1649.006133309,6088.013410245,999,779.19,3,1,318
611.334659976,2266.011783648,321,1179.63,3,1,895
-1183.706792041,2715.456919843,740,722.44,3,2,648
-519.732338422,1799.794106035,57,914.44,3,1,955
1250.452126424,4840.237968878,325,914.44,3,2,519
-3920.378541735,7163.711898319,1408,1061.38,3,1,687
-4130.202984857,6891.304539483,1463,1061.38,3,4,565
-3907.206379226,7176.188212323,1709,1061.38,3,4,687
-4201.020440286,4891.392283842,1358,853.44,3,1,668
-4586.097776447,4815.025253428,1365,853.44,3,2,638
-4593.803238941,4837.029341495,1674,853.44,3,3,638
-3802.489894852,7281.266886021,1447,1074.38,3,2,963
-3762.492332008,7281.266886021,1717,1074.38,3,2,963
-3319.010522912,7516.249751635,1587,827.44,3,4,562
-4304.844960307,5054.285923041,1476,994.22,3,1,235
-4304.844960307,5054.285923041,1665,994.22,3,3,235
-4083.842583865,5249.007590721,1568,1169.69,3,4,139
967.351835635,407.937338330,285,969.72,3,1,706
891.376349895,407.937338330,353,969.72,3,1,706
-4584.368731487,7155.906963668,1426,749.47,3,3,21
-4576.104565512,7136.203574822,1555,749.47,3,3,21
-4584.368731487,7155.906963668,1632,749.47,3,4,21
146.688193903,871.135457780,294,1053.44,3,2,298
-1404.652824063,1237.862916004,310,1053.44,3,2,359
-3250.453564032,7818.903748935,1475,723.47,3,3,733
-1827.588915443,6213.014624731,1265,724.22,3,3,110
-2426.298691334,6222.441129147,1276,724.22,3,4,165
-1469.246422644,2634.388019618,603,826.22,3,1,622
-4062.599516921,5374.957786603,1385,1143.69,3,1,829
-4507.177101862,7503.549114211,1428,829.72,3,3,378
-4507.177101862,7542.979763038,1530,829.72,3,1,378
-4416.798961926,7503.549114211,1685,829.72,3,1,378
-4322.624666992,5063.426279452,1357,1154.25,4,3,235
-1350.786387147,1237.862916004,87,1223,4,2,359
-4243.504630385,7307.135616909,1701,1098,4,1,127
-1004.655463510,3073.949548440,672,808.5,4,2,811
-4191.794124594,5617.599106369,1441,1112.5,4,3,186
-4175.242288185,6545.932859432,1500,1112.5,4,4,57
-4113.378496345,5722.353204599,1603,1112.5,4,4,376
-4183.224687709,5647.853103419,1663,1112.5,4,1,186
-1623.623127617,4781.304436867,1102,1499.25,4,1,683
-1359.383505527,2619.549130219,490,910.5,4,1,669
-1303.296926351,2619.549130219,558,910.5,4,1,669
-1289.275281557,2632.466617786,696,910.5,4,1,669
-1924.015028844,806.806476956,197,917.25,4,1,233
-4525.252729849,7503.549114211,1630,963.28,4,4,378
-1996.908635428,4977.970624779,566,1352.81,4,4,336
585.791811785,3538.798388513,141,1301.56,4,2,931
-1129.114792460,3273.838777541,484,846.28,4,4,202
-1110.054205501,3261.905213178,666,846.28,4,2,202
1043.496916986,1456.307864857,61,1125.81,4,3,919
-2375.983405907,2493.925845240,690,886.78,4,4,959
-1432.186695024,2490.886853443,790,886.78,4,3,140
2404.627242816,4176.734809009,302,995.81,4,2,94
-4334.244917026,7164.441147049,1730,1104.62,4,2,613
-4602.758597842,7604.489701962,1650,905.31,4,3,11
-4225.765819326,6654.484640436,1474,1171.87,4,3,605
-4120.226040759,7165.112134498,1715,1171.87,4,4,321
-1159.757948141,3725.721049241,472,1178.37,4,3,534
-622.389098065,3709.381276352,1065,1434.62,4,1,753
-1062.521296070,2479.196706134,537,850.06,4,2,832
-1988.436894779,4787.361486047,944,1508.62,4,1,484
-2004.817691216,4771.621672471,1263,1508.62,4,2,484
-1547.046882906,2817.015853469,585,884.06,4,1,899
-1623.705759495,3655.180302583,586,884.06,4,1,161
-2630.616474889,3064.067591710,617,884.06,4,2,108
-1197.472470516,2392.859100126,650,884.06,4,3,307
-2610.518481506,6587.644626146,1170,926.81,4,1,436
-165.599933130,5214.852253865,1171,926.81,4,1,1003
-3368.163022869,7165.251937315,1479,990.81,4,1,859
-3368.163022869,7165.251937315,1548,990.81,4,1,859
-4593.803238941,4837.029341495,1695,990.81,4,4,638
-4395.678548620,5061.710720750,1466,1086.37,4,3,572
-3313.834575184,7410.998461783,1383,992.34,4,2,818
-3313.834575184,7323.281846582,1392,992.34,4,1,818
-3323.451449057,7432.927615583,1413,992.34,4,2,818
-3867.255165438,7456.140323414,1648,992.34,4,4,535
-3323.451449057,7389.069307983,1707,992.34,4,2,818
-571.791202640,6115.738631502,1015,929.59,4,3,929
-4133.060968608,5249.200826572,1509,1096.43,4,1,598
-469.821022271,5922.589691691,1208,901.84,4,4,50
-2339.722927123,3100.533909006,551,1103.18,4,2,242
-2290.296029011,4801.983998892,606,1103.18,4,3,861
-1188.856127549,4040.469589070,626,1103.18,4,1,951
-2290.296029011,4801.983998892,693,1103.18,4,2,861
-2116.753050244,2700.420617098,761,1103.18,4,2,621
1749.555767290,5173.115168698,176,811.09,4,4,469
1749.555767290,5318.390261575,178,811.09,4,4,469
-574.854540896,6219.202532755,975,846.34,4,3,898
-574.854540896,6219.202532755,1058,846.34,4,1,898
-574.854540896,6184.855099073,1267,846.34,4,4,898
-4584.344494184,7495.656932954,1354,910.34,4,3,465
1148.283174815,1631.175142850,78,1246.43,4,4,839
-1328.614452264,2191.428689361,221,815.34,4,2,122
-1274.799463043,4552.079528763,820,1507.43,4,2,609
-1683.460538831,5609.313712229,1127,818.59,4,2,203
-4463.741301357,7068.071620531,1412,824.84,4,2,737
-4499.685013147,7081.817931911,1656,824.84,4,1,737
-550.336152945,4886.612310309,510,993.62,4,3,1022
-1748.628191003,2896.246156100,522,993.62,4,3,391
-2465.778672974,3104.054720474,661,993.62,4,2,22
-550.336152945,4886.612310309,755,993.62,4,1,1022
-1631.991622119,6069.547463100,1016,904.62,4,1,318
-3453.480884670,6441.284331075,1518,1362.99,4,3,184
-1239.473524739,1243.525072592,338,1239.99,4,3,999
-4227.517610998,7439.645565641,1370,1005.12,4,2,616
-1323.214996404,3881.505137575,630,1182.49,4,1,223
-1746.402812988,3671.877357074,643,1182.49,4,3,844
-2349.009896376,4987.518773091,742,1182.49,4,2,526
-1746.402812988,3671.877357074,796,1182.49,4,4,844
-1790.521616671,6280.091986622,1001,849.12,4,3,835
-1790.521616671,6254.208538501,1222,849.12,4,4,835
-1996.525861446,3094.371038681,473,1144.74,4,3,505
-2034.116407496,3094.371038681,495,1144.74,4,2,505
-1233.289322469,3614.432935522,536,1144.74,4,2,466
-1996.525861446,3135.663302172,559,1144.74,4,2,505
-1333.088632372,2688.886124497,455,925.62,4,1,661
-1300.500597407,2697.286250559,657,925.62,4,1,661
-1228.350215336,3366.912371596,745,925.62,4,4,552
-4014.983183275,7422.811589548,1575,1031.05,4,4,182
228.429241627,867.134166210,207,1163.55,4,3,90
-3119.545759052,6279.856637381,1373,1564.8,4,4,957
-3119.545759052,6317.074217478,1377,1564.8,4,1,957
-3134.773907461,6298.465427430,1522,1564.8,4,1,957
575.272365645,1934.981906762,173,1318.55,4,3,301
1585.021887042,4034.334999465,299,1318.55,4,1,854
-798.862841182,3752.761692072,1008,1601.11,4,3,286
-4574.579557761,7091.464803636,1470,839.93,4,2,288
-4588.788594816,7076.240407729,1616,839.93,4,4,288
-3193.705158036,7829.905391590,1666,839.93,4,4,733
-4574.579557761,7091.464803636,1670,839.93,4,3,288
-546.718353896,4791.255480725,579,1001.18,4,1,797
-531.422738150,4810.950875794,631,1001.18,4,3,797
-1626.765344682,2636.245356362,803,1001.18,4,2,960
975.875944859,4561.888356150,194,1556.36,4,2,906
1024.237301149,4571.087727993,196,1556.36,4,4,906
-4233.998666983,4988.096189001,1356,1010.93,4,1,551
-4214.506334530,4936.711311982,1491,1010.93,4,1,551
-4214.506334530,4970.967896661,1624,1010.93,4,1,551
1789.415305338,3327.219248047,164,851.43,4,2,495
1780.217486669,3286.264868108,244,851.43,4,1,495
-4117.674594405,7025.013439613,1492,1212.11,4,2,545
1314.776885031,3620.368411552,261,1475.67,4,3,825
2153.389571450,4536.666140328,116,1165.67,4,1,309
-1021.501138629,1340.518679223,190,1174.17,4,3,952
444.666398174,2473.862781752,269,1174.17,4,1,831
-4416.264979402,7613.430462563,1369,939.46,4,2,848
-4347.353246479,7624.273340801,1526,939.46,4,3,848
-2025.813803105,1958.780942226,53,817.46,4,2,217
-1784.029136805,5797.276162063,1116,915.71,4,3,414
2019.697888120,5313.875096546,142,821.71,4,4,237
-1529.086341190,2620.799821234,477,959.21,4,3,622
-1549.032980705,2607.211622850,503,959.21,4,1,622
-1509.139701674,2634.388019618,724,959.21,4,1,622
1393.235200045,4920.767701988,29,1097.73,4,1,799
-462.193033224,1227.986949973,68,1097.73,4,2,167
-616.677008597,1594.735768542,258,1097.73,4,4,530
1300.191531616,4736.919919970,378,1097.73,4,1,741
-4130.202984857,6891.304539483,1424,1232.23,4,2,565
-4219.629175266,7035.285723644,1646,1232.23,4,1,724
588.176900454,1516.034139144,75,1562.73,4,1,699
-4048.436672668,5138.114799656,1728,1317.73,4,3,79
-2.201149573,3467.746482449,995,890.74,4,3,62
-3842.923645887,6429.993027988,1396,1403.23,4,2,390
-3800.126690962,6461.174380479,1622,1403.23,4,4,390
-170.497719647,3423.559674635,1236,862.99,4,3,563
-423.821773454,3961.216824774,1018,1537.29,4,3,499
-439.837374838,4091.740759730,1193,1537.29,4,4,499
1572.503167699,4457.745004135,27,1486.29,4,3,145
-771.573052339,5378.048731270,1248,1426.29,4,2,985
-3939.503042039,6573.407515268,1488,1176.04,4,3,501
-3909.955674975,6563.139153440,1628,1176.04,4,3,501
-4045.552965940,5399.110982880,1437,1327.79,4,2,829
-4079.646067902,5399.110982880,1452,1327.79,4,1,829
-4115.025055964,6796.844719349,1595,1201.79,4,3,1005
-2282.052015705,4954.366604090,469,1159.85,4,2,483
-3491.217748693,7315.793402302,1604,1032.35,4,2,346
-3514.116203998,7296.715028196,1676,1032.35,4,3,346
-706.528781800,4880.471423293,757,1247.35,4,1,433
1394.756855925,3429.625063437,375,1008.55,4,1,83
1233.454755840,1768.611138476,8,980.05,4,1,360
2103.630177694,4266.932930123,4,1259.1,4,3,397
-2444.634965309,2608.134798717,563,951.8,4,2,824
-667.094841301,6034.319915117,1246,1209.85,4,1,978
-737.606583605,6006.316308945,1277,1209.85,4,4,978
-3213.315014337,6382.948023251,1362,1594.35,4,2,178
-1247.488890394,5945.403942336,1172,1048.91,4,1,514
1417.176056637,3332.468498866,138,974.58,4,2,934
-743.271141977,1202.244890383,140,974.58,4,2,731
-742.783430930,1310.269034401,172,974.58,4,1,13
-1382.104322375,743.934518637,267,974.58,4,3,31
-1481.377805024,1057.443480508,292,974.58,4,3,207
1309.485952761,3257.188183518,348,978.83,4,1,189
-1015.441035168,3017.717465700,605,819.83,4,2,655
-1223.878237958,3068.619134987,726,819.83,4,3,291
-1083.485265163,3068.288229190,751,819.83,4,1,1014
-2988.093633574,6301.231944802,1093,1132.16,4,3,56
-1318.180562795,5833.072779199,917,1076.66,4,1,734
-1292.276742397,5841.295331628,925,1076.66,4,2,734
-1318.180562795,5833.072779199,966,1076.66,4,1,734
-2990.840351166,5913.358655543,1022,1076.66,4,3,168
-1344.084383193,5841.295331628,1138,1076.66,4,2,734
-3006.130469253,6136.852592083,1242,1076.66,4,1,168
360.780242109,4325.788999000,118,1420.47,4,3,1038
378.038344884,4256.794454932,287,1420.47,4,4,1038
1366.241742968,4715.042752897,137,1106.22,4,3,569
618.624018011,419.607867477,81,940.61,4,2,564
608.971140104,396.196469665,89,940.61,4,4,564
608.971140104,396.196469665,271,940.61,4,2,564
2415.573572775,4380.230108239,319,940.61,4,3,328
-341.963594800,1222.596632987,211,1114.72,4,1,922
-4578.557489092,5015.544307767,1360,1061.22,4,2,95
-4578.557489092,5015.544307767,1651,1061.22,4,4,95
-4568.814577542,5046.631478746,1704,1061.22,4,1,95
-1508.030263021,5067.192674626,1168,1390.22,4,3,758
-1202.908077993,3011.619147372,564,823.61,4,1,754
-1351.131442917,3828.582153068,665,1208.97,4,1,719
-828.397288716,3924.800394749,973,1528.97,4,4,292
-816.272382742,3907.951274002,1197,1528.97,4,3,292
-1671.919426068,3383.615740281,508,929.39,4,2,59
-1633.953825944,3383.615740281,765,929.39,4,1,59
1507.010846989,3315.302616597,200,898.14,4,1,542
2066.773710520,4943.225138225,306,898.14,4,4,840
1207.263972928,1145.356194636,117,1042.53,4,2,385
1162.774486926,1181.238437853,179,1042.53,4,3,385
2219.524339515,4681.012973063,311,1042.53,4,3,462
-1616.076622104,5663.496583773,916,824.14,4,4,508
-1715.061398652,5699.066136769,922,824.14,4,3,805
-3366.122556039,5214.924087027,1046,1018.39,4,1,611
-1117.811226320,2920.893385478,709,827.39,4,2,610
-1431.083535996,2412.517667696,502,861.39,4,2,791
-2442.600075912,2414.876377658,553,861.39,4,4,1008
1224.552204280,446.991054667,332,864.17,4,2,1010
1250.793315635,572.042365251,364,864.17,4,4,1010
-1166.962651223,3232.233437429,721,865.17,4,4,600
-2228.902222672,2520.667979565,604,933.17,4,3,337
-2141.977723420,2826.580664891,583,967.17,4,2,131
-2168.257968347,2826.580664891,633,967.17,4,3,131
211.369655980,1211.495242843,182,1426.84,4,1,878
-3769.266951832,6643.937149340,1378,1311.59,4,3,948
-1716.849145852,1058.005482314,318,1121.09,4,3,515
12.631829182,5340.500579440,927,882.42,4,4,713
-470.072263927,5197.017132096,982,882.42,4,3,615
-1730.565797035,6174.964099281,1174,882.42,4,1,855
-2599.610549548,6212.454165422,1155,854.67,4,2,75
-2625.124050775,6221.370149286,1229,854.67,4,4,75
-2488.473157645,6224.146035646,1252,854.67,4,2,330
-1814.279943782,2058.907219897,217,859.92,4,2,826
-1775.487806984,1991.483438894,260,859.92,4,1,726
-1851.671348889,2048.271560858,360,859.92,4,1,826
-1775.487806984,1991.483438894,363,859.92,4,3,726
-1775.487806984,1991.483438894,374,859.92,4,2,726
-4115.283920203,7351.021406602,1418,1081.34,4,2,99
-4101.343677059,6461.509562412,1527,1081.34,4,4,721
-4337.935843635,6649.646648801,1639,1081.34,4,3,310
-4277.095873376,6649.646648801,1654,1081.34,4,4,310
-4307.515858505,6659.270436138,1668,1081.34,4,2,310
-513.818647914,1863.550433686,36,1023.42,4,3,43
1239.237897125,1656.322937861,335,1023.42,4,3,681
2335.759963368,4060.793776558,340,1023.42,4,3,133
-1285.292246307,3313.712036230,560,902.95,4,1,1025
-1243.378456367,3531.847885491,591,902.95,4,3,566
-1282.409879274,3434.234989213,727,970.95,4,4,924
-4411.712652637,4644.449348412,1634,844.95,4,1,362
-837.423811562,5709.294708386,961,1381.9,4,3,504
-820.312908978,5747.052761843,1147,1381.9,4,3,504
605.025212138,3081.898073815,15,1195.4,4,1,471
669.510836538,3276.917186613,98,1195.4,4,2,473
163.058765455,4036.153564956,1005,1215.4,4,2,916
131.281067291,4036.153564956,1121,1215.4,4,1,916
-4434.422104213,7428.995176351,1445,1023.95,4,4,468
-4434.422104213,7428.995176351,1671,1023.95,4,4,468
-4083.842583865,5249.007590721,1359,1357.96,4,4,139
-4039.173222156,5249.007590721,1364,1357.96,4,1,139
-3922.184935931,5655.636275799,1384,1357.96,4,2,300
-4039.173222156,5294.618977446,1482,1357.96,4,4,139
-4039.173222156,5249.007590721,1689,1357.96,4,4,139
-1180.704739876,2511.710527466,706,906.73,4,4,944
-4313.918749611,4838.595589590,1572,910.48,4,1,897
-4571.994688820,5103.992269992,1716,910.48,4,1,120
-2226.993695595,2658.093976487,778,1059.71,4,3,559
-752.342806588,1648.402113855,252,1130.71,4,1,65
-1211.896024615,4372.055620845,708,1579.21,4,4,158
581.215966516,3478.279908695,234,1278.21,4,3,763
-758.276276578,5646.307098997,968,1368.02,4,1,271
-754.349255356,5583.185871026,1061,1368.02,4,4,1019
-3286.069076203,6620.496821973,1577,1368.02,4,3,815
-1935.682574437,2878.380025163,753,1114.52,4,1,977
-2373.544564468,2846.653828030,730,978.51,4,3,130
-2331.736560547,2846.653828030,739,978.51,4,4,130
-1399.321453009,4670.082592856,1094,921.26,4,2,804
-1558.884041531,3516.983929494,474,894.76,4,4,532
-1545.528344999,3593.874569833,555,894.76,4,1,532
-4052.810920646,5464.111535593,1355,1277.77,4,1,896
-4052.810920646,5505.969150084,1400,1277.77,4,4,896
-4160.097234518,5495.504746461,1403,1277.77,4,4,896
-4074.268183420,5516.433553707,1427,1277.77,4,4,896
-4074.268183420,5495.504746461,1504,1277.77,4,3,896
427.924869125,4739.045298736,911,1534.52,4,1,114
293.640781381,4782.851335329,937,1534.52,4,1,114
-1671.492924437,1509.733409097,34,1280.33,4,2,992
-1941.447688896,3025.617101756,799,1156.08,4,2,577
-2257.177219915,2989.261623851,828,1156.08,4,3,996
-1645.375325970,6183.963719673,902,868.54,4,1,1026
-1625.863267392,6198.707269494,1062,868.54,4,2,1026
-1827.588915443,6213.014624731,919,840.79,4,4,110
-694.154764562,6329.574564276,962,813.04,4,2,77
-713.345165374,6339.595899906,1055,813.04,4,2,77
-1531.132884709,5597.244219745,1173,813.04,4,4,984
-105.697350512,3688.579003252,1169,1179.33,4,2,643
1985.912213970,4267.187714177,293,1125.33,4,3,603
-2297.948973751,2763.355130162,637,982.29,4,1,892
-2935.187604158,6568.611188543,1220,1262.58,4,2,908
-4179.486246249,6818.961926396,1512,1207.08,4,4,666
-4168.215642422,6788.325882644,1655,1207.08,4,4,666
-1998.491822560,4552.187553863,578,1594.33,4,4,570
-1998.491822560,4593.616798818,662,1594.33,4,3,570
-1982.343484428,4572.902176340,681,1594.33,4,4,570
-95.178463649,3589.631433026,1030,1151.58,4,2,449
-365.065015703,3616.510098967,1052,1151.58,4,3,449
-275.102831685,3616.510098967,1204,1151.58,4,1,449
-3393.803722251,6456.850123550,1601,1473.64,4,2,283
-3393.803722251,6456.850123550,1726,1473.64,4,1,283
1784.515980959,3423.270929746,25,836.57,4,4,988
-1685.318536581,4075.713346803,521,1231.64,4,4,476
-1781.598722512,4068.878890739,654,1231.64,4,2,294
-1310.946680580,3699.906658370,513,1299.64,4,1,30
-1319.542656393,3722.227422063,728,1299.64,4,2,30
-924.116236107,5833.026605922,1107,1437.39,4,1,620
-582.399123196,6378.279377513,908,815.82,4,1,673
2123.014185539,5126.753457243,3,1057.39,4,3,639
938.401334584,2602.368089615,130,1057.39,4,1,993
-3285.542872740,7237.620539415,1580,950.57,4,1,92
-3285.542872740,7213.180296941,1615,950.57,4,3,92
850.957408684,622.419774642,268,1290.95,4,1,265
-3842.233268724,5270.654995809,1457,1483.7,4,1,624
-4491.422467817,5049.405280377,1382,1044.95,4,2,415
-4491.422467817,5049.405280377,1605,1044.95,4,4,415
-1880.262552134,2601.055554104,762,1054.2,4,3,312
-784.333095496,1386.674799029,295,953.35,4,1,443
501.040017755,2280.432857913,63,1140.2,4,4,61
117.853799740,528.565169590,110,1140.2,4,3,152
-1347.625813225,1515.383931651,248,1140.2,4,3,296
-1314.737166418,1533.975181433,305,1140.2,4,1,296
110.294590205,509.202798824,324,1140.2,4,1,152
-1314.737166418,1496.792681870,359,1140.2,4,1,296
514.651682521,4443.564636873,357,1596.7,4,1,975
-1978.651603737,3502.161440884,610,1341.2,4,3,270
-4131.207006385,5829.602594402,1649,969.63,4,2,658
-4579.079758923,7267.629836793,1614,875.13,4,2,911
-3673.386780219,6943.779002688,1381,1305.26,4,4,778
-3653.280929272,6958.416817250,1387,1305.26,4,4,778
-2356.219940220,4807.871563115,467,1080.51,4,2,498
-2460.155054050,3152.185298299,611,1080.51,4,3,971
-2345.627345162,4783.573010838,623,1080.51,4,4,498
-2366.812535278,4929.364324499,787,1080.51,4,1,498
-68.454797234,4416.186995014,1196,1540.07,4,1,663
-1803.506193612,5850.647195738,954,965.66,4,2,841
-207.842497409,5336.118050985,1021,965.66,4,4,386
-2128.408730367,5789.668072351,1059,965.66,4,3,947
-2362.116280759,5866.705907728,1071,965.66,4,2,910
-2106.285900954,5797.207128796,1084,965.66,4,2,947
-2205.022758027,5798.595052399,1089,965.66,4,2,887
-3660.264617037,5706.288268657,1148,965.66,4,4,358
-3062.288404231,6023.397685584,1175,965.66,4,1,399
-2239.328316946,5863.511699319,1274,965.66,4,2,404
-3584.169647009,5934.395301757,1028,1484.57,4,3,216
1712.503107885,3255.006976204,32,872.66,4,4,138
611.490876563,219.488157778,162,872.66,4,4,801
1194.791681896,3181.014869381,264,872.66,4,1,111
-1077.283647130,3519.401897622,518,1054.07,4,1,945
-1843.935512638,3481.309980989,668,1054.07,4,2,48
-1863.614094415,3489.744653849,716,1054.07,4,1,48
-1523.870663279,1169.004024370,224,1146.57,4,4,792
-1100.813430115,2396.890069201,732,834.94,4,2,102
2290.591008141,5274.684557795,222,997.94,4,4,533
2424.172931702,5455.838130825,146,842.94,4,1,141
-3375.994636611,4809.663590611,912,912.94,4,4,470
-3375.994636611,4809.663590611,1261,912.94,4,4,470
-3401.834786471,4817.964611036,1262,912.94,4,1,470
-418.956451732,1758.170699134,265,1061.63,4,4,955
-4584.719945687,4697.617539508,1699,890.69,4,3,913
-3330.585556729,7588.646019452,1731,890.69,4,1,513
-2617.600243968,6871.402310205,1077,832.47,4,2,507
-2642.646377498,6878.961710175,1087,832.47,4,2,507
-1608.062216877,1658.431567819,85,1152.94,4,2,153
-63.688966751,4868.689584138,1000,1216.94,4,3,735
-80.478443000,4852.486665211,1042,1216.94,4,3,735
-1183.706792041,2811.884788740,492,838.72,4,4,648
1810.371859060,5143.560776617,56,808.97,4,3,764
-2069.589265859,3202.653838116,507,1171.19,4,4,629
-4258.580996603,5064.105567084,1451,1056.19,4,4,667
54.252261391,22.160978120,165,951.22,4,1,958
-2236.801683232,3082.441075245,529,1137.19,4,1,894
2173.452436668,4063.616100164,133,1458.69,4,1,980
579.159003005,1695.640348542,135,1458.69,4,1,432
2115.845208091,4022.553466143,170,1458.69,4,2,980
-2127.626831007,3315.407616742,624,1205.19,4,1,246
-2127.626831007,3284.514510041,805,1205.19,4,2,246
-3467.256865457,6635.690128604,1570,1270.69,4,3,705
-3354.767865586,6620.549809972,1647,1270.69,4,4,705
-1455.411781243,1364.931524324,99,1144.44,4,1,579
-1613.469903775,895.822727835,120,1144.44,4,1,979
-1300.805765710,1364.931524324,204,1144.44,4,1,579
-1626.617688263,861.685355572,270,1144.44,4,3,979
-4475.244076269,5133.751002249,1433,925.72,4,1,883
-4475.244076269,5133.751002249,1529,925.72,4,2,883
-140.827475356,4534.129201298,1048,1470.69,4,3,332
